,acc_Acceleration x (m/s^2),acc_Acceleration y (m/s^2),acc_Acceleration z (m/s^2),gyr_Gyroscope x (rad/s),gyr_Gyroscope y (rad/s),gyr_Gyroscope z (rad/s),lux_Illuminance (lx),loc_Latitude (°),loc_Longitude (°),loc_Altitude (m),loc_Altitude WGS84 (m),loc_Speed (m/s),loc_Direction (°),loc_Distance (km),loc_Horizontal Accuracy (m),loc_Vertical Accuracy (m),mag_Magnetic Field x (µT),mag_Magnetic Field y (µT),mag_Magnetic Field z (µT)
1970-01-01,-1.659540613604827,7.356272692037897,6.155604222581573,0.007181744740238547,-0.005172010026495944,0.01645681899992216,18.1274535763809,28.688552816308725,115.87778352449664,20.029951461791946,15.557465828382552,4.4078187897593955,83.96040273105034,,5.551682023268457,3.370080732704698,-10.243332738627043,-8.83670273691517,-20.79273056523683
