,acc_Acceleration x (m/s^2),acc_Acceleration y (m/s^2),acc_Acceleration z (m/s^2),gyr_Gyroscope x (rad/s),gyr_Gyroscope y (rad/s),gyr_Gyroscope z (rad/s),lux_Illuminance (lx),loc_Latitude (°),loc_Longitude (°),loc_Altitude (m),loc_Altitude WGS84 (m),loc_Speed (m/s),loc_Direction (°),loc_Distance (km),loc_Horizontal Accuracy (m),loc_Vertical Accuracy (m),mag_Magnetic Field x (µT),mag_Magnetic Field y (µT),mag_Magnetic Field z (µT)
1970-01-01,1.972980593037748,0.8634784389568575,8.424008818497798,-0.005004354702995832,-0.0063445814873104595,-0.07655533760087022,46.24668850568213,28.700000000000003,116.0,37.87884615384615,33.473076923076924,0.0,0.0,0.06982964063461539,12.638076923076921,17.674999999999997,-3.1694659813663644,13.920476325028362,-26.924045039173752
