"Time (s)","Illuminance (lx)"
0.000000000E0,2.700000000E1
