"Time (s)","Illuminance (lx)"
0.000000000E0,0.000000000E0
